{"accuracy": 0.9975, "total_samples": 12000, "label_counts": {"Eavesdropping": 6075, "Data Poisoning": 2089, "Model Inversion": 1670, "DDoS Participant": 1054, "Normal": 681, "Sybil Attack": 431}, "feature_importance": {"Packet Loss Rate": 0.17119964733953988, "Latency (ms)": 0.15493489078365272, "Upload Throughput (Mbps)": 0.045163772225842606, "Download Throughput (Mbps)": 0.04354625706364125, "CPU Usage (%)": 0.32141326875278786, "Memory Usage (%)": 0.26374216383453575}}